NAME	GS<br> follow link to MSigDB	GS DETAILS	SIZE	ES	NES	NOM p-val	FDR q-val	FWER p-val	RANK AT MAX	LEADING EDGE	
26.28 MISC.GDSL-MOTIF LIPASE	26.28 MISC.GDSL-MOTIF LIPASE	Details ...	11	-0.83352727	-2.0538187	1.9305019E-4	0.0055126003	0.00480048	288	tags=73%, list=10%, signal=80%	
29.2.1.2.1 PROTEIN.SYNTHESIS.RIBOSOMAL PROTEIN.EUKARYOTIC.40S SUBUNIT	29.2.1.2.1 PROTEIN.SYNTHESIS.RIBOSOMAL PROTEIN.EUKARYOTIC.40S SUBUNIT	Details ...	48	-0.55637026	-1.9740331	0.0	0.01168408	0.02040204	769	tags=58%, list=26%, signal=78%	
29.2.1 PROTEIN.SYNTHESIS.RIBOSOMAL PROTEIN	29.2.1 PROTEIN.SYNTHESIS.RIBOSOMAL PROTEIN	Details ...	171	-0.43022037	-1.891586	0.0	0.029476944	0.07620762	607	tags=37%, list=20%, signal=44%	
29.2.1.2 PROTEIN.SYNTHESIS.RIBOSOMAL PROTEIN.EUKARYOTIC	29.2.1.2 PROTEIN.SYNTHESIS.RIBOSOMAL PROTEIN.EUKARYOTIC	Details ...	116	-0.45241407	-1.8791399	0.0	0.02682465	0.091709174	607	tags=38%, list=20%, signal=46%	
10.6.1 CELL WALL.DEGRADATION.CELLULASES AND BETA-1,4-GLUCANASES	10.6.1 CELL WALL.DEGRADATION.CELLULASES AND BETA-1,4-GLUCANASES	Details ...	6	-0.8218589	-1.6710869	0.007714561	0.28628597	0.71967196	156	tags=50%, list=5%, signal=53%	
34.9 TRANSPORT.METABOLITE TRANSPORTERS AT THE MITOCHONDRIAL MEMBRANE	34.9 TRANSPORT.METABOLITE TRANSPORTERS AT THE MITOCHONDRIAL MEMBRANE	Details ...	12	-0.65897155	-1.6590587	0.019307971	0.2689131	0.7620762	1011	tags=50%, list=34%, signal=76%	
29.5.1 PROTEIN.DEGRADATION.SUBTILASES	29.5.1 PROTEIN.DEGRADATION.SUBTILASES	Details ...	19	-0.57864136	-1.650406	0.015052103	0.2521033	0.7929793	919	tags=63%, list=31%, signal=91%	
29.2 PROTEIN.SYNTHESIS	29.2 PROTEIN.SYNTHESIS	Details ...	245	-0.358141	-1.6372161	0.0	0.25110564	0.8350835	607	tags=32%, list=20%, signal=37%	
10 CELL WALL	10 CELL WALL	Details ...	65	-0.4343508	-1.6364908	0.0027090483	0.2247336	0.8369837	640	tags=32%, list=22%, signal=40%	
13.1.2.3 AMINO ACID METABOLISM.SYNTHESIS.GLUTAMATE FAMILY.ARGININE	13.1.2.3 AMINO ACID METABOLISM.SYNTHESIS.GLUTAMATE FAMILY.ARGININE	Details ...	6	-0.78338706	-1.6022493	0.020809248	0.27985463	0.91749173	487	tags=67%, list=16%, signal=80%	
19 TETRAPYRROLE SYNTHESIS	19 TETRAPYRROLE SYNTHESIS	Details ...	25	-0.5184767	-1.5972916	0.018374166	0.26639223	0.92719275	461	tags=48%, list=16%, signal=56%	
20.1.7.3 STRESS.BIOTIC.PR-PROTEINS.PR3/4/8/11 (CHITINASES AND CHITIN BINDING PROTEINS)	20.1.7.3 STRESS.BIOTIC.PR-PROTEINS.PR3/4/8/11 (CHITINASES AND CHITIN BINDING PROTEINS)	Details ...	10	-0.66166997	-1.5754582	0.028032036	0.29570895	0.96049607	411	tags=60%, list=14%, signal=69%	
1.1.4.2 PS.LIGHTREACTION.ATP SYNTHASE.BETA SUBUNIT	1.1.4.2 PS.LIGHTREACTION.ATP SYNTHASE.BETA SUBUNIT	Details ...	5	-0.80968976	-1.5558003	0.023415191	0.32209432	0.9779978	401	tags=40%, list=14%, signal=46%	
10.6 CELL WALL.DEGRADATION	10.6 CELL WALL.DEGRADATION	Details ...	23	-0.516121	-1.5549612	0.026242323	0.30127168	0.9791979	156	tags=17%, list=5%, signal=18%	
13 AMINO ACID METABOLISM	13 AMINO ACID METABOLISM	Details ...	115	-0.3749725	-1.5507461	0.0026676152	0.2911411	0.9818982	500	tags=28%, list=17%, signal=32%	
11.1 LIPID METABOLISM.FA SYNTHESIS AND FA ELONGATION	11.1 LIPID METABOLISM.FA SYNTHESIS AND FA ELONGATION	Details ...	28	-0.489405	-1.5413541	0.022761475	0.29497486	0.98789877	722	tags=43%, list=24%, signal=56%	
13.1 AMINO ACID METABOLISM.SYNTHESIS	13.1 AMINO ACID METABOLISM.SYNTHESIS	Details ...	91	-0.38224176	-1.5340465	0.008445642	0.2944677	0.9908991	500	tags=29%, list=17%, signal=33%	
16.1.2 SECONDARY METABOLISM.ISOPRENOIDS.MEVALONATE PATHWAY	16.1.2 SECONDARY METABOLISM.ISOPRENOIDS.MEVALONATE PATHWAY	Details ...	11	-0.61444646	-1.5116633	0.05091804	0.33122104	0.9960996	627	tags=64%, list=21%, signal=80%	
20.1.7 STRESS.BIOTIC.PR-PROTEINS	20.1.7 STRESS.BIOTIC.PR-PROTEINS	Details ...	25	-0.48812544	-1.5066996	0.03756307	0.3254487	0.99639964	411	tags=32%, list=14%, signal=37%	
23.3.1 NUCLEOTIDE METABOLISM.SALVAGE.PHOSPHORIBOSYLTRANSFERASES	23.3.1 NUCLEOTIDE METABOLISM.SALVAGE.PHOSPHORIBOSYLTRANSFERASES	Details ...	5	-0.7681225	-1.4787589	0.046875	0.38042593	0.99879986	514	tags=60%, list=17%, signal=72%	
26.4 MISC.BETA 1,3 GLUCAN HYDROLASES	26.4 MISC.BETA 1,3 GLUCAN HYDROLASES		11	-0.6003788	-1.4742942	0.06165813	0.37377146	0.9988999	282	tags=36%, list=10%, signal=40%	
26.4.1 MISC.BETA 1,3 GLUCAN HYDROLASES.GLUCAN ENDO-1,3-BETA-GLUCOSIDASE	26.4.1 MISC.BETA 1,3 GLUCAN HYDROLASES.GLUCAN ENDO-1,3-BETA-GLUCOSIDASE		11	-0.6003788	-1.4729363	0.060822554	0.36015394	0.9989999	282	tags=36%, list=10%, signal=40%	
29.2.1.2.2 PROTEIN.SYNTHESIS.RIBOSOMAL PROTEIN.EUKARYOTIC.60S SUBUNIT	29.2.1.2.2 PROTEIN.SYNTHESIS.RIBOSOMAL PROTEIN.EUKARYOTIC.60S SUBUNIT		68	-0.38163525	-1.4536263	0.021139706	0.39404663	0.99969995	607	tags=32%, list=20%, signal=40%	
8.1 TCA / ORGANIC TRANSFORMATION.TCA	8.1 TCA / ORGANIC TRANSFORMATION.TCA		32	-0.44182718	-1.434694	0.04888295	0.42954272	0.9999	764	tags=47%, list=26%, signal=62%	
13.2 AMINO ACID METABOLISM.DEGRADATION	13.2 AMINO ACID METABOLISM.DEGRADATION		19	-0.4857377	-1.395931	0.084380955	0.52702653	1.0	280	tags=32%, list=9%, signal=35%	
29.2.4 PROTEIN.SYNTHESIS.ELONGATION	29.2.4 PROTEIN.SYNTHESIS.ELONGATION		13	-0.5435941	-1.3916742	0.092939615	0.5205812	1.0	885	tags=54%, list=30%, signal=76%	
29.4 PROTEIN.POSTRANSLATIONAL MODIFICATION	29.4 PROTEIN.POSTRANSLATIONAL MODIFICATION		48	-0.381882	-1.360163	0.06519743	0.6027878	1.0	433	tags=27%, list=15%, signal=31%	
15 METAL HANDLING	15 METAL HANDLING		15	-0.502715	-1.3539737	0.11085583	0.6017701	1.0	287	tags=27%, list=10%, signal=29%	
8 TCA / ORGANIC TRANSFORMATION	8 TCA / ORGANIC TRANSFORMATION		50	-0.37082696	-1.3309523	0.077666365	0.6601028	1.0	764	tags=42%, list=26%, signal=56%	
13.1.5.1 AMINO ACID METABOLISM.SYNTHESIS.SERINE-GLYCINE-CYSTEINE GROUP.SERINE	13.1.5.1 AMINO ACID METABOLISM.SYNTHESIS.SERINE-GLYCINE-CYSTEINE GROUP.SERINE		5	-0.6916428	-1.3298839	0.14708747	0.6418871	1.0	500	tags=60%, list=17%, signal=72%	
26.2 MISC.UDP GLUCOSYL AND GLUCORONYL TRANSFERASES	26.2 MISC.UDP GLUCOSYL AND GLUCORONYL TRANSFERASES		21	-0.4483879	-1.320844	0.11526775	0.6515029	1.0	819	tags=57%, list=28%, signal=78%	
13.1.2 AMINO ACID METABOLISM.SYNTHESIS.GLUTAMATE FAMILY	13.1.2 AMINO ACID METABOLISM.SYNTHESIS.GLUTAMATE FAMILY		7	-0.6122579	-1.3116394	0.15738268	0.6626169	1.0	487	tags=57%, list=16%, signal=68%	
8.1.1 TCA / ORGANIC TRANSFORMATION.TCA.PYRUVATE DH	8.1.1 TCA / ORGANIC TRANSFORMATION.TCA.PYRUVATE DH		11	-0.532042	-1.3053756	0.15523738	0.6636745	1.0	764	tags=64%, list=26%, signal=85%	
13.1.6.5 AMINO ACID METABOLISM.SYNTHESIS.AROMATIC AA.TRYPTOPHAN	13.1.6.5 AMINO ACID METABOLISM.SYNTHESIS.AROMATIC AA.TRYPTOPHAN		7	-0.61156934	-1.3053085	0.1728299	0.644364	1.0	362	tags=43%, list=12%, signal=49%	
13.1.6 AMINO ACID METABOLISM.SYNTHESIS.AROMATIC AA	13.1.6 AMINO ACID METABOLISM.SYNTHESIS.AROMATIC AA		23	-0.42743877	-1.2941954	0.131178	0.6621967	1.0	462	tags=30%, list=16%, signal=36%	
16.8.3 SECONDARY METABOLISM.FLAVONOIDS.DIHYDROFLAVONOLS	16.8.3 SECONDARY METABOLISM.FLAVONOIDS.DIHYDROFLAVONOLS		8	-0.5792909	-1.2921532	0.16777757	0.65050155	1.0	364	tags=38%, list=12%, signal=43%	
8.1.1.1 TCA / ORGANIC TRANSFORMATION.TCA.PYRUVATE DH.E1	8.1.1.1 TCA / ORGANIC TRANSFORMATION.TCA.PYRUVATE DH.E1		5	-0.6696527	-1.2887803	0.18523568	0.64386237	1.0	764	tags=60%, list=26%, signal=81%	
8.2 TCA / ORGANIC TRANSFORMATION.OTHER ORGANIC ACID TRANSFORMATIONS	8.2 TCA / ORGANIC TRANSFORMATION.OTHER ORGANIC ACID TRANSFORMATIONS		13	-0.49028862	-1.2727071	0.17687862	0.67779475	1.0	374	tags=31%, list=13%, signal=35%	
1.1.4 PS.LIGHTREACTION.ATP SYNTHASE	1.1.4 PS.LIGHTREACTION.ATP SYNTHASE		14	-0.4840494	-1.2718327	0.17018846	0.6633315	1.0	485	tags=36%, list=16%, signal=43%	
4 GLYCOLYSIS	4 GLYCOLYSIS		51	-0.34994864	-1.2624992	0.113152094	0.67625356	1.0	563	tags=27%, list=19%, signal=33%	
10.5 CELL WALL.CELL WALL PROTEINS	10.5 CELL WALL.CELL WALL PROTEINS		13	-0.48567605	-1.2540627	0.18558253	0.6869771	1.0	613	tags=38%, list=21%, signal=48%	
10.1 CELL WALL.PRECURSOR SYNTHESIS	10.1 CELL WALL.PRECURSOR SYNTHESIS		19	-0.43261385	-1.242239	0.17594528	0.70838135	1.0	967	tags=58%, list=33%, signal=85%	
4.1.14 GLYCOLYSIS.CYTOSOLIC BRANCH.PYRUVATE KINASE (PK)	4.1.14 GLYCOLYSIS.CYTOSOLIC BRANCH.PYRUVATE KINASE (PK)		6	-0.6016862	-1.2417303	0.2254447	0.6934399	1.0	563	tags=67%, list=19%, signal=82%	
13.1.7 AMINO ACID METABOLISM.SYNTHESIS.HISTIDINE	13.1.7 AMINO ACID METABOLISM.SYNTHESIS.HISTIDINE		5	-0.6421709	-1.2346914	0.22738867	0.69971406	1.0	914	tags=80%, list=31%, signal=116%	
26 MISC	26 MISC		217	-0.268956	-1.2142183	0.07503434	0.7485731	1.0	824	tags=35%, list=28%, signal=46%	
6 GLUCONEOGENESIS / GLYOXYLATE CYCLE	6 GLUCONEOGENESIS / GLYOXYLATE CYCLE		7	-0.5701636	-1.2141372	0.24780527	0.7325568	1.0	189	tags=29%, list=6%, signal=30%	
13.1.3 AMINO ACID METABOLISM.SYNTHESIS.ASPARTATE FAMILY	13.1.3 AMINO ACID METABOLISM.SYNTHESIS.ASPARTATE FAMILY		18	-0.4273873	-1.2045642	0.2129875	0.74698126	1.0	438	tags=33%, list=15%, signal=39%	
29.2.1.1.1.2 PROTEIN.SYNTHESIS.RIBOSOMAL PROTEIN.PROKARYOTIC.CHLOROPLAST.50S SUBUNIT	29.2.1.1.1.2 PROTEIN.SYNTHESIS.RIBOSOMAL PROTEIN.PROKARYOTIC.CHLOROPLAST.50S SUBUNIT		27	-0.37624046	-1.1813561	0.21724269	0.80653524	1.0	647	tags=41%, list=22%, signal=52%	
4.1 GLYCOLYSIS.CYTOSOLIC BRANCH	4.1 GLYCOLYSIS.CYTOSOLIC BRANCH		35	-0.3555806	-1.1795985	0.20736219	0.79564047	1.0	563	tags=26%, list=19%, signal=31%	
1.3 PS.CALVIN CYCLE	1.3 PS.CALVIN CYCLE		47	-0.3293629	-1.1697875	0.21066177	0.8115495	1.0	582	tags=30%, list=20%, signal=36%	
33.99 DEVELOPMENT.UNSPECIFIED	33.99 DEVELOPMENT.UNSPECIFIED		33	-0.35507858	-1.1640015	0.23035382	0.81493115	1.0	355	tags=18%, list=12%, signal=20%	
13.2.5 AMINO ACID METABOLISM.DEGRADATION.SERINE-GLYCINE-CYSTEINE GROUP	13.2.5 AMINO ACID METABOLISM.DEGRADATION.SERINE-GLYCINE-CYSTEINE GROUP		5	-0.60509515	-1.1606209	0.3079451	0.8101465	1.0	235	tags=40%, list=8%, signal=43%	
21.2.1 REDOX.ASCORBATE AND GLUTATHIONE.ASCORBATE	21.2.1 REDOX.ASCORBATE AND GLUTATHIONE.ASCORBATE		18	-0.41257402	-1.1599209	0.25468662	0.7970864	1.0	319	tags=28%, list=11%, signal=31%	
1.3.6 PS.CALVIN CYCLE.ALDOLASE	1.3.6 PS.CALVIN CYCLE.ALDOLASE		7	-0.53988457	-1.1580689	0.29755723	0.78786886	1.0	1303	tags=86%, list=44%, signal=153%	
23.3 NUCLEOTIDE METABOLISM.SALVAGE	23.3 NUCLEOTIDE METABOLISM.SALVAGE		11	-0.4701594	-1.1574746	0.2723445	0.7753574	1.0	676	tags=45%, list=23%, signal=59%	
26.7 MISC.OXIDASES - COPPER, FLAVONE ETC	26.7 MISC.OXIDASES - COPPER, FLAVONE ETC		16	-0.4226531	-1.148185	0.27396742	0.7900258	1.0	1229	tags=75%, list=42%, signal=128%	
21.1.1 REDOX.THIOREDOXIN.PDIL	21.1.1 REDOX.THIOREDOXIN.PDIL		9	-0.4954058	-1.1481496	0.29027385	0.7762543	1.0	575	tags=33%, list=19%, signal=41%	
30.3 SIGNALLING.CALCIUM	30.3 SIGNALLING.CALCIUM		27	-0.36401808	-1.1375251	0.26853594	0.7950154	1.0	416	tags=22%, list=14%, signal=26%	
13.1.1.1 AMINO ACID METABOLISM.SYNTHESIS.CENTRAL AMINO ACID METABOLISM.GABA	13.1.1.1 AMINO ACID METABOLISM.SYNTHESIS.CENTRAL AMINO ACID METABOLISM.GABA		5	-0.58456254	-1.1296833	0.33628488	0.8056309	1.0	1072	tags=80%, list=36%, signal=125%	
4.3 GLYCOLYSIS.UNCLEAR/DUALLY TARGETED	4.3 GLYCOLYSIS.UNCLEAR/DUALLY TARGETED		9	-0.4863273	-1.126026	0.3166572	0.80307055	1.0	358	tags=22%, list=12%, signal=25%	
1.3.5 PS.CALVIN CYCLE.TPI	1.3.5 PS.CALVIN CYCLE.TPI		5	-0.58068544	-1.1174259	0.35337615	0.8155639	1.0	29	tags=20%, list=1%, signal=20%	
29 PROTEIN	29 PROTEIN		671	-0.22347443	-1.115792	0.11294081	0.8073051	1.0	725	tags=27%, list=24%, signal=28%	
4.1.7 GLYCOLYSIS.CYTOSOLIC BRANCH.TRIOSEPHOSPHATE ISOMERASE (TPI)	4.1.7 GLYCOLYSIS.CYTOSOLIC BRANCH.TRIOSEPHOSPHATE ISOMERASE (TPI)		5	-0.58068544	-1.115346	0.36106297	0.7958753	1.0	29	tags=20%, list=1%, signal=20%	
9.9 MITOCHONDRIAL ELECTRON TRANSPORT / ATP SYNTHESIS.F1-ATPASE	9.9 MITOCHONDRIAL ELECTRON TRANSPORT / ATP SYNTHESIS.F1-ATPASE		15	-0.4077152	-1.1022307	0.32628572	0.82265025	1.0	753	tags=40%, list=25%, signal=53%	
16 SECONDARY METABOLISM	16 SECONDARY METABOLISM		79	-0.28069714	-1.1004022	0.26619744	0.8153474	1.0	865	tags=37%, list=29%, signal=50%	
16.1 SECONDARY METABOLISM.ISOPRENOIDS	16.1 SECONDARY METABOLISM.ISOPRENOIDS		28	-0.34736508	-1.096953	0.31653076	0.8132136	1.0	196	tags=21%, list=7%, signal=23%	
10.6.2 CELL WALL.DEGRADATION.MANNAN-XYLOSE-ARABINOSE-FUCOSE	10.6.2 CELL WALL.DEGRADATION.MANNAN-XYLOSE-ARABINOSE-FUCOSE		10	-0.45659205	-1.0916346	0.34057972	0.81656224	1.0	18	tags=10%, list=1%, signal=10%	
2.1.1 MAJOR CHO METABOLISM.SYNTHESIS.SUCROSE	2.1.1 MAJOR CHO METABOLISM.SYNTHESIS.SUCROSE		5	-0.56190926	-1.0902487	0.3898109	0.8085696	1.0	112	tags=40%, list=4%, signal=42%	
15.2 METAL HANDLING.BINDING, CHELATION AND STORAGE	15.2 METAL HANDLING.BINDING, CHELATION AND STORAGE		9	-0.4702621	-1.0863583	0.35991463	0.8082416	1.0	287	tags=22%, list=10%, signal=25%	
17.1 HORMONE METABOLISM.ABSCISIC ACID	17.1 HORMONE METABOLISM.ABSCISIC ACID		9	-0.46672267	-1.0792867	0.37062803	0.81673986	1.0	1186	tags=78%, list=40%, signal=129%	
26.13 MISC.ACID AND OTHER PHOSPHATASES	26.13 MISC.ACID AND OTHER PHOSPHATASES		7	-0.49652892	-1.0664908	0.38925782	0.84209937	1.0	521	tags=43%, list=18%, signal=52%	
29.5.11.20 PROTEIN.DEGRADATION.UBIQUITIN.PROTEASOM	29.5.11.20 PROTEIN.DEGRADATION.UBIQUITIN.PROTEASOM		40	-0.30688897	-1.0510712	0.35953394	0.8746315	1.0	909	tags=48%, list=31%, signal=68%	
16.2.1.10 SECONDARY METABOLISM.PHENYLPROPANOIDS.LIGNIN BIOSYNTHESIS.CAD	16.2.1.10 SECONDARY METABOLISM.PHENYLPROPANOIDS.LIGNIN BIOSYNTHESIS.CAD		5	-0.5470812	-1.0494543	0.4312658	0.8673633	1.0	791	tags=80%, list=27%, signal=109%	
25 C1-METABOLISM	25 C1-METABOLISM		11	-0.4262025	-1.0493978	0.3922282	0.8558133	1.0	375	tags=27%, list=13%, signal=31%	
33 DEVELOPMENT	33 DEVELOPMENT		44	-0.29792887	-1.0465707	0.3638724	0.8524145	1.0	708	tags=27%, list=24%, signal=35%	
20.1 STRESS.BIOTIC	20.1 STRESS.BIOTIC		49	-0.29162472	-1.0455177	0.37341535	0.8441752	1.0	306	tags=18%, list=10%, signal=20%	
13.1.6.1 AMINO ACID METABOLISM.SYNTHESIS.AROMATIC AA.CHORISMATE	13.1.6.1 AMINO ACID METABOLISM.SYNTHESIS.AROMATIC AA.CHORISMATE		10	-0.4317667	-1.038662	0.40829986	0.8522876	1.0	462	tags=40%, list=16%, signal=47%	
29.4.1 PROTEIN.POSTRANSLATIONAL MODIFICATION.KINASE	29.4.1 PROTEIN.POSTRANSLATIONAL MODIFICATION.KINASE		21	-0.35220793	-1.0313591	0.40657502	0.8618272	1.0	389	tags=29%, list=13%, signal=33%	
9.1.2 MITOCHONDRIAL ELECTRON TRANSPORT / ATP SYNTHESIS.NADH-DH (TYPE I).LOCALISATION NOT CLEAR	9.1.2 MITOCHONDRIAL ELECTRON TRANSPORT / ATP SYNTHESIS.NADH-DH (TYPE I).LOCALISATION NOT CLEAR		11	-0.41551873	-1.0269935	0.41805637	0.863163	1.0	256	tags=27%, list=9%, signal=30%	
29.2.1.1.1 PROTEIN.SYNTHESIS.RIBOSOMAL PROTEIN.PROKARYOTIC.CHLOROPLAST	29.2.1.1.1 PROTEIN.SYNTHESIS.RIBOSOMAL PROTEIN.PROKARYOTIC.CHLOROPLAST		45	-0.29100588	-1.0209026	0.4146117	0.86903536	1.0	647	tags=33%, list=22%, signal=42%	
13.1.4 AMINO ACID METABOLISM.SYNTHESIS.BRANCHED CHAIN GROUP	13.1.4 AMINO ACID METABOLISM.SYNTHESIS.BRANCHED CHAIN GROUP		9	-0.43901795	-1.0171719	0.43911368	0.86854863	1.0	669	tags=44%, list=23%, signal=57%	
29.5.4 PROTEIN.DEGRADATION.ASPARTATE PROTEASE	29.5.4 PROTEIN.DEGRADATION.ASPARTATE PROTEASE		6	-0.48943287	-1.0064682	0.46346635	0.887446	1.0	814	tags=50%, list=27%, signal=69%	
26.6 MISC.O-METHYL TRANSFERASES	26.6 MISC.O-METHYL TRANSFERASES		6	-0.4933981	-1.0014589	0.4710602	0.89050394	1.0	688	tags=67%, list=23%, signal=87%	
31.1 CELL.ORGANISATION	31.1 CELL.ORGANISATION		50	-0.2778262	-0.99663603	0.44925925	0.89332604	1.0	453	tags=26%, list=15%, signal=30%	
27.3.36 RNA.REGULATION OF TRANSCRIPTION.ARGONAUTE TRANSCRIPTION FACTOR FAMILY	27.3.36 RNA.REGULATION OF TRANSCRIPTION.ARGONAUTE TRANSCRIPTION FACTOR FAMILY		5	-0.5188018	-0.99578863	0.49324584	0.88501894	1.0	472	tags=40%, list=16%, signal=48%	
29.3.2 PROTEIN.TARGETING.MITOCHONDRIA	29.3.2 PROTEIN.TARGETING.MITOCHONDRIA		6	-0.48594323	-0.9896738	0.48358732	0.8912409	1.0	513	tags=50%, list=17%, signal=60%	
11 LIPID METABOLISM	11 LIPID METABOLISM		66	-0.2625495	-0.98844546	0.4661954	0.8842953	1.0	722	tags=30%, list=24%, signal=39%	
16.8 SECONDARY METABOLISM.FLAVONOIDS	16.8 SECONDARY METABOLISM.FLAVONOIDS		21	-0.33531463	-0.98274875	0.47250047	0.8896246	1.0	533	tags=24%, list=18%, signal=29%	
26.9 MISC.GLUTATHIONE S TRANSFERASES	26.9 MISC.GLUTATHIONE S TRANSFERASES		17	-0.3500221	-0.97585493	0.4876096	0.89785016	1.0	579	tags=29%, list=20%, signal=36%	
29.2.1.1 PROTEIN.SYNTHESIS.RIBOSOMAL PROTEIN.PROKARYOTIC	29.2.1.1 PROTEIN.SYNTHESIS.RIBOSOMAL PROTEIN.PROKARYOTIC		50	-0.27191108	-0.9751475	0.49277776	0.8897381	1.0	647	tags=32%, list=22%, signal=40%	
21.2 REDOX.ASCORBATE AND GLUTATHIONE	21.2 REDOX.ASCORBATE AND GLUTATHIONE		35	-0.28875634	-0.95992255	0.522452	0.92032176	1.0	319	tags=20%, list=11%, signal=22%	
2.1 MAJOR CHO METABOLISM.SYNTHESIS	2.1 MAJOR CHO METABOLISM.SYNTHESIS		16	-0.34436065	-0.937047	0.5473219	0.97120124	1.0	145	tags=19%, list=5%, signal=20%	
27.3.99 RNA.REGULATION OF TRANSCRIPTION.UNCLASSIFIED	27.3.99 RNA.REGULATION OF TRANSCRIPTION.UNCLASSIFIED		17	-0.33755085	-0.9336461	0.5506641	0.9697777	1.0	522	tags=35%, list=18%, signal=43%	
20.1.2 STRESS.BIOTIC.RECEPTORS	20.1.2 STRESS.BIOTIC.RECEPTORS		7	-0.43554357	-0.93361896	0.55534166	0.95954525	1.0	567	tags=29%, list=19%, signal=35%	
17.1.1.1 HORMONE METABOLISM.ABSCISIC ACID.SYNTHESIS-DEGRADATION.SYNTHESIS	17.1.1.1 HORMONE METABOLISM.ABSCISIC ACID.SYNTHESIS-DEGRADATION.SYNTHESIS		7	-0.435636	-0.9318491	0.54868984	0.9541866	1.0	1130	tags=71%, list=38%, signal=115%	
17.1.1 HORMONE METABOLISM.ABSCISIC ACID.SYNTHESIS-DEGRADATION	17.1.1 HORMONE METABOLISM.ABSCISIC ACID.SYNTHESIS-DEGRADATION		7	-0.435636	-0.9312025	0.55747014	0.9459327	1.0	1130	tags=71%, list=38%, signal=115%	
7.1.3 OPP.OXIDATIVE PP.6-PHOSPHOGLUCONATE DEHYDROGENASE	7.1.3 OPP.OXIDATIVE PP.6-PHOSPHOGLUCONATE DEHYDROGENASE		5	-0.47890565	-0.9272946	0.55781645	0.94617486	1.0	247	tags=40%, list=8%, signal=44%	
7.1 OPP.OXIDATIVE PP	7.1 OPP.OXIDATIVE PP		10	-0.38147822	-0.91169405	0.5723509	0.97609615	1.0	247	tags=30%, list=8%, signal=33%	
29.3.4.99 PROTEIN.TARGETING.SECRETORY PATHWAY.UNSPECIFIED	29.3.4.99 PROTEIN.TARGETING.SECRETORY PATHWAY.UNSPECIFIED		13	-0.35093758	-0.91045797	0.57234365	0.9693192	1.0	293	tags=23%, list=10%, signal=25%	
17.5.1 HORMONE METABOLISM.ETHYLENE.SYNTHESIS-DEGRADATION	17.5.1 HORMONE METABOLISM.ETHYLENE.SYNTHESIS-DEGRADATION		6	-0.4437068	-0.90942925	0.5753612	0.96225476	1.0	1160	tags=67%, list=39%, signal=109%	
8.2.9 TCA / ORGANIC TRANSFORMATION.OTHER ORGANIC ACID TRANSFORMATIONS.CYT MDH	8.2.9 TCA / ORGANIC TRANSFORMATION.OTHER ORGANIC ACID TRANSFORMATIONS.CYT MDH		5	-0.47078615	-0.9060611	0.58341503	0.96123666	1.0	126	tags=20%, list=4%, signal=21%	
16.8.3.1 SECONDARY METABOLISM.FLAVONOIDS.DIHYDROFLAVONOLS.DIHYDROFLAVONOL 4-REDUCTASE	16.8.3.1 SECONDARY METABOLISM.FLAVONOIDS.DIHYDROFLAVONOLS.DIHYDROFLAVONOL 4-REDUCTASE		6	-0.44093487	-0.9060514	0.58353925	0.95183295	1.0	845	tags=50%, list=29%, signal=70%	
17.5 HORMONE METABOLISM.ETHYLENE	17.5 HORMONE METABOLISM.ETHYLENE		6	-0.4437068	-0.90161115	0.5952704	0.9532115	1.0	1160	tags=67%, list=39%, signal=109%	
17.7.1 HORMONE METABOLISM.JASMONATE.SYNTHESIS-DEGRADATION	17.7.1 HORMONE METABOLISM.JASMONATE.SYNTHESIS-DEGRADATION		9	-0.37897417	-0.88100785	0.61896616	0.99356943	1.0	586	tags=33%, list=20%, signal=41%	
28.1.3.2.1 DNA.SYNTHESIS/CHROMATIN STRUCTURE.HISTONE.CORE.H2A	28.1.3.2.1 DNA.SYNTHESIS/CHROMATIN STRUCTURE.HISTONE.CORE.H2A		5	-0.45497623	-0.87976027	0.6174457	0.9870448	1.0	1092	tags=80%, list=37%, signal=127%	
17.7 HORMONE METABOLISM.JASMONATE	17.7 HORMONE METABOLISM.JASMONATE		9	-0.37897417	-0.87806445	0.6168421	0.98175836	1.0	586	tags=33%, list=20%, signal=41%	
7 OPP	7 OPP		17	-0.31491843	-0.87406605	0.64034766	0.98179024	1.0	247	tags=24%, list=8%, signal=26%	
34.1.1 TRANSPORT.P- AND V-ATPASES.H+-TRANSPORTING TWO-SECTOR ATPASE	34.1.1 TRANSPORT.P- AND V-ATPASES.H+-TRANSPORTING TWO-SECTOR ATPASE		8	-0.38981515	-0.87251604	0.6148916	0.97629464	1.0	166	tags=13%, list=6%, signal=13%	
28.1.3.2 DNA.SYNTHESIS/CHROMATIN STRUCTURE.HISTONE.CORE	28.1.3.2 DNA.SYNTHESIS/CHROMATIN STRUCTURE.HISTONE.CORE		12	-0.34399146	-0.85802376	0.6566572	1.0	1.0	511	tags=33%, list=17%, signal=40%	
13.1.1.2.1 AMINO ACID METABOLISM.SYNTHESIS.CENTRAL AMINO ACID METABOLISM.ASPARTATE.ASPARTATE AMINOTRANSFERASE	13.1.1.2.1 AMINO ACID METABOLISM.SYNTHESIS.CENTRAL AMINO ACID METABOLISM.ASPARTATE.ASPARTATE AMINOTRANSFERASE		5	-0.4463023	-0.85683924	0.6508091	0.993726	1.0	193	tags=20%, list=7%, signal=21%	
13.1.1.2 AMINO ACID METABOLISM.SYNTHESIS.CENTRAL AMINO ACID METABOLISM.ASPARTATE	13.1.1.2 AMINO ACID METABOLISM.SYNTHESIS.CENTRAL AMINO ACID METABOLISM.ASPARTATE		5	-0.4463023	-0.85628563	0.6478791	0.98596925	1.0	193	tags=20%, list=7%, signal=21%	
21.6 REDOX.DISMUTASES AND CATALASES	21.6 REDOX.DISMUTASES AND CATALASES		9	-0.36628935	-0.8509109	0.6609747	0.9889942	1.0	342	tags=33%, list=12%, signal=38%	
16.5.1 SECONDARY METABOLISM.SULFUR-CONTAINING.GLUCOSINOLATES	16.5.1 SECONDARY METABOLISM.SULFUR-CONTAINING.GLUCOSINOLATES		5	-0.43673077	-0.8463205	0.6665381	0.99001336	1.0	631	tags=40%, list=21%, signal=51%	
16.5 SECONDARY METABOLISM.SULFUR-CONTAINING	16.5 SECONDARY METABOLISM.SULFUR-CONTAINING		5	-0.43673077	-0.8411881	0.6700911	0.99216056	1.0	631	tags=40%, list=21%, signal=51%	
16.4 SECONDARY METABOLISM.N MISC	16.4 SECONDARY METABOLISM.N MISC		12	-0.33021763	-0.8386787	0.67084044	0.98878086	1.0	43	tags=8%, list=1%, signal=8%	
31 CELL	31 CELL		108	-0.20379023	-0.83851886	0.83464426	0.9805825	1.0	488	tags=19%, list=16%, signal=21%	
11.9.2.1 LIPID METABOLISM.LIPID DEGRADATION.LIPASES.TRIACYLGLYCEROL LIPASE	11.9.2.1 LIPID METABOLISM.LIPID DEGRADATION.LIPASES.TRIACYLGLYCEROL LIPASE		5	-0.43209806	-0.83480066	0.68143827	0.9796547	1.0	498	tags=60%, list=17%, signal=72%	
11.9.2 LIPID METABOLISM.LIPID DEGRADATION.LIPASES	11.9.2 LIPID METABOLISM.LIPID DEGRADATION.LIPASES		5	-0.43209806	-0.8300914	0.68104774	0.98075426	1.0	498	tags=60%, list=17%, signal=72%	
28.1.3 DNA.SYNTHESIS/CHROMATIN STRUCTURE.HISTONE	28.1.3 DNA.SYNTHESIS/CHROMATIN STRUCTURE.HISTONE		14	-0.31210744	-0.8282538	0.69971293	0.9761791	1.0	511	tags=29%, list=17%, signal=34%	
9 MITOCHONDRIAL ELECTRON TRANSPORT / ATP SYNTHESIS	9 MITOCHONDRIAL ELECTRON TRANSPORT / ATP SYNTHESIS		55	-0.22676015	-0.8275561	0.7889675	0.96940935	1.0	565	tags=20%, list=19%, signal=24%	
34.99 TRANSPORT.MISC	34.99 TRANSPORT.MISC		6	-0.39954558	-0.818146	0.6874141	0.97958636	1.0	1085	tags=67%, list=37%, signal=105%	
11.9.4.2 LIPID METABOLISM.LIPID DEGRADATION.BETA-OXIDATION.ACYL COA DH	11.9.4.2 LIPID METABOLISM.LIPID DEGRADATION.BETA-OXIDATION.ACYL COA DH		5	-0.420627	-0.8063495	0.71483624	0.9938394	1.0	523	tags=40%, list=18%, signal=48%	
13.1.4.1 AMINO ACID METABOLISM.SYNTHESIS.BRANCHED CHAIN GROUP.COMMON	13.1.4.1 AMINO ACID METABOLISM.SYNTHESIS.BRANCHED CHAIN GROUP.COMMON		6	-0.39399758	-0.80387145	0.71203274	0.9903197	1.0	669	tags=50%, list=23%, signal=64%	
21.2.2 REDOX.ASCORBATE AND GLUTATHIONE.GLUTATHIONE	21.2.2 REDOX.ASCORBATE AND GLUTATHIONE.GLUTATHIONE		10	-0.33426842	-0.80136865	0.72868663	0.9868924	1.0	886	tags=50%, list=30%, signal=71%	
30.1.1 SIGNALLING.IN SUGAR AND NUTRIENT PHYSIOLOGY.MISC	30.1.1 SIGNALLING.IN SUGAR AND NUTRIENT PHYSIOLOGY.MISC		5	-0.41086873	-0.79878134	0.7230469	0.9836987	1.0	343	tags=40%, list=12%, signal=45%	
30.1 SIGNALLING.IN SUGAR AND NUTRIENT PHYSIOLOGY	30.1 SIGNALLING.IN SUGAR AND NUTRIENT PHYSIOLOGY		6	-0.38826326	-0.79120517	0.723835	0.98917323	1.0	343	tags=33%, list=12%, signal=38%	
16.1.1 SECONDARY METABOLISM.ISOPRENOIDS.NON-MEVALONATE PATHWAY	16.1.1 SECONDARY METABOLISM.ISOPRENOIDS.NON-MEVALONATE PATHWAY		9	-0.34183186	-0.78931785	0.73908	0.98468935	1.0	478	tags=33%, list=16%, signal=40%	
16.2.1 SECONDARY METABOLISM.PHENYLPROPANOIDS.LIGNIN BIOSYNTHESIS	16.2.1 SECONDARY METABOLISM.PHENYLPROPANOIDS.LIGNIN BIOSYNTHESIS		8	-0.35202044	-0.78820336	0.7346198	0.9788333	1.0	255	tags=25%, list=9%, signal=27%	
29.2.2.3.3 PROTEIN.SYNTHESIS.RIBOSOME BIOGENESIS.PRE-RRNA PROCESSING AND MODIFICATIONS.METHYLOTRANSFERASES	29.2.2.3.3 PROTEIN.SYNTHESIS.RIBOSOME BIOGENESIS.PRE-RRNA PROCESSING AND MODIFICATIONS.METHYLOTRANSFERASES		8	-0.34683645	-0.77780426	0.76317304	0.98835087	1.0	292	tags=25%, list=10%, signal=28%	
2 MAJOR CHO METABOLISM	2 MAJOR CHO METABOLISM		42	-0.22200635	-0.7694477	0.86516225	0.9942124	1.0	989	tags=43%, list=33%, signal=63%	
29.3.4 PROTEIN.TARGETING.SECRETORY PATHWAY	29.3.4 PROTEIN.TARGETING.SECRETORY PATHWAY		25	-0.24909197	-0.7648147	0.83066916	0.99373066	1.0	347	tags=20%, list=12%, signal=22%	
13.1.5 AMINO ACID METABOLISM.SYNTHESIS.SERINE-GLYCINE-CYSTEINE GROUP	13.1.5 AMINO ACID METABOLISM.SYNTHESIS.SERINE-GLYCINE-CYSTEINE GROUP		10	-0.31606695	-0.75808257	0.7873355	0.99641335	1.0	500	tags=30%, list=17%, signal=36%	
33.2 DEVELOPMENT.LATE EMBRYOGENESIS ABUNDANT	33.2 DEVELOPMENT.LATE EMBRYOGENESIS ABUNDANT		5	-0.39219198	-0.75249684	0.76098317	0.99713886	1.0	606	tags=20%, list=20%, signal=25%	
29.2.1.2.1.8 PROTEIN.SYNTHESIS.RIBOSOMAL PROTEIN.EUKARYOTIC.40S SUBUNIT.S8	29.2.1.2.1.8 PROTEIN.SYNTHESIS.RIBOSOMAL PROTEIN.EUKARYOTIC.40S SUBUNIT.S8		5	-0.3896663	-0.75087005	0.77817106	0.9919937	1.0	1356	tags=80%, list=46%, signal=147%	
9.1 MITOCHONDRIAL ELECTRON TRANSPORT / ATP SYNTHESIS.NADH-DH (TYPE I)	9.1 MITOCHONDRIAL ELECTRON TRANSPORT / ATP SYNTHESIS.NADH-DH (TYPE I)		19	-0.25657165	-0.7379092	0.84641445	1.0	1.0	425	tags=21%, list=14%, signal=24%	
26.12 MISC.PEROXIDASES	26.12 MISC.PEROXIDASES		12	-0.29097587	-0.7299651	0.82484376	1.0	1.0	761	tags=42%, list=26%, signal=56%	
2.2.1 MAJOR CHO METABOLISM.DEGRADATION.SUCROSE	2.2.1 MAJOR CHO METABOLISM.DEGRADATION.SUCROSE		12	-0.2794164	-0.7009315	0.86321205	1.0	1.0	39	tags=8%, list=1%, signal=8%	
20.1.7.6 STRESS.BIOTIC.PR-PROTEINS.PR6 (PROTEINASE INHIBITORS)	20.1.7.6 STRESS.BIOTIC.PR-PROTEINS.PR6 (PROTEINASE INHIBITORS)		7	-0.32828844	-0.69974905	0.8366153	1.0	1.0	1106	tags=57%, list=37%, signal=91%	
2.1.2 MAJOR CHO METABOLISM.SYNTHESIS.STARCH	2.1.2 MAJOR CHO METABOLISM.SYNTHESIS.STARCH		11	-0.28464252	-0.69914246	0.86149794	1.0	1.0	907	tags=45%, list=31%, signal=65%	
29.2.2.2 PROTEIN.SYNTHESIS.RIBOSOME BIOGENESIS.ASSEMBLY FACTORS	29.2.2.2 PROTEIN.SYNTHESIS.RIBOSOME BIOGENESIS.ASSEMBLY FACTORS		7	-0.32572368	-0.6949655	0.8501252	1.0	1.0	87	tags=14%, list=3%, signal=15%	
29.2.2.2.1 PROTEIN.SYNTHESIS.RIBOSOME BIOGENESIS.ASSEMBLY FACTORS.DEXD-BOX HELICASES	29.2.2.2.1 PROTEIN.SYNTHESIS.RIBOSOME BIOGENESIS.ASSEMBLY FACTORS.DEXD-BOX HELICASES		7	-0.32572368	-0.6919782	0.84657216	1.0	1.0	87	tags=14%, list=3%, signal=15%	
29.2.3 PROTEIN.SYNTHESIS.INITIATION	29.2.3 PROTEIN.SYNTHESIS.INITIATION		34	-0.20846538	-0.6873241	0.9406435	1.0	1.0	732	tags=29%, list=25%, signal=39%	
26.8 MISC.NITRILASES, NITRILE LYASES, BERBERINE BRIDGE ENZYMES, RETICULINE OXIDASES, TROPONINE REDUCTASES	26.8 MISC.NITRILASES, NITRILE LYASES, BERBERINE BRIDGE ENZYMES, RETICULINE OXIDASES, TROPONINE REDUCTASES		10	-0.28591916	-0.68387544	0.873779	1.0	1.0	407	tags=30%, list=14%, signal=35%	
31.2 CELL.DIVISION	31.2 CELL.DIVISION		12	-0.2701225	-0.677317	0.88744503	1.0	1.0	594	tags=25%, list=20%, signal=31%	
4.2 GLYCOLYSIS.PLASTID BRANCH	4.2 GLYCOLYSIS.PLASTID BRANCH		7	-0.3104841	-0.6681741	0.87272376	1.0	1.0	480	tags=43%, list=16%, signal=51%	
13.1.3.4 AMINO ACID METABOLISM.SYNTHESIS.ASPARTATE FAMILY.METHIONINE	13.1.3.4 AMINO ACID METABOLISM.SYNTHESIS.ASPARTATE FAMILY.METHIONINE		8	-0.29853135	-0.66418177	0.89360076	1.0	1.0	1109	tags=75%, list=37%, signal=120%	
7.2 OPP.NON-REDUCTIVE PP	7.2 OPP.NON-REDUCTIVE PP		7	-0.31098682	-0.6611283	0.88717365	1.0	1.0	1010	tags=71%, list=34%, signal=108%	
31.3 CELL.CYCLE	31.3 CELL.CYCLE		11	-0.25688788	-0.6357799	0.92148286	1.0	1.0	165	tags=9%, list=6%, signal=10%	
35.1.41 NOT ASSIGNED.NO ONTOLOGY.HYDROXYPROLINE RICH PROTEINS	35.1.41 NOT ASSIGNED.NO ONTOLOGY.HYDROXYPROLINE RICH PROTEINS		5	-0.32241023	-0.62265086	0.90909094	1.0	1.0	1050	tags=40%, list=35%, signal=62%	
3 MINOR CHO METABOLISM	3 MINOR CHO METABOLISM		26	-0.19904122	-0.6189098	0.9698521	1.0	1.0	1062	tags=46%, list=36%, signal=71%	
31.3.1 CELL.CYCLE.PEPTIDYLPROLYL ISOMERASE	31.3.1 CELL.CYCLE.PEPTIDYLPROLYL ISOMERASE		10	-0.2569557	-0.61665916	0.92833936	1.0	1.0	165	tags=10%, list=6%, signal=11%	
29.5.7 PROTEIN.DEGRADATION.METALLOPROTEASE	29.5.7 PROTEIN.DEGRADATION.METALLOPROTEASE		9	-0.26017147	-0.6065324	0.9359768	1.0	1.0	619	tags=33%, list=21%, signal=42%	
5.10 FERMENTATION.ALDEHYDE DEHYDROGENASE	5.10 FERMENTATION.ALDEHYDE DEHYDROGENASE		5	-0.31284302	-0.6010706	0.92216283	1.0	1.0	953	tags=60%, list=32%, signal=88%	
2.2 MAJOR CHO METABOLISM.DEGRADATION	2.2 MAJOR CHO METABOLISM.DEGRADATION		26	-0.1929084	-0.5985808	0.97940075	0.9992939	1.0	989	tags=42%, list=33%, signal=63%	
10.8 CELL WALL.PECTINESTERASES	10.8 CELL WALL.PECTINESTERASES		6	-0.28940508	-0.59279406	0.93418217	0.9959032	1.0	300	tags=17%, list=10%, signal=19%	
2.2.2 MAJOR CHO METABOLISM.DEGRADATION.STARCH	2.2.2 MAJOR CHO METABOLISM.DEGRADATION.STARCH		14	-0.22382577	-0.59076774	0.960621	0.9905071	1.0	989	tags=50%, list=33%, signal=75%	
10.6.3 CELL WALL.DEGRADATION.PECTATE LYASES AND POLYGALACTURONASES	10.6.3 CELL WALL.DEGRADATION.PECTATE LYASES AND POLYGALACTURONASES		7	-0.2633717	-0.56706905	0.9540208	0.995041	1.0	2184	tags=100%, list=74%, signal=380%	
1.2 PS.PHOTORESPIRATION	1.2 PS.PHOTORESPIRATION		18	-0.18826163	-0.5306952	0.987814	1.0	1.0	633	tags=22%, list=21%, signal=28%	
11.1.1.2 LIPID METABOLISM.FA SYNTHESIS AND FA ELONGATION.ACETYL COA CARBOXYLATION.HETEROMERIC COMPLEX	11.1.1.2 LIPID METABOLISM.FA SYNTHESIS AND FA ELONGATION.ACETYL COA CARBOXYLATION.HETEROMERIC COMPLEX		6	-0.23536833	-0.48021388	0.98964036	1.0	1.0	643	tags=33%, list=22%, signal=42%	
11.1.1 LIPID METABOLISM.FA SYNTHESIS AND FA ELONGATION.ACETYL COA CARBOXYLATION	11.1.1 LIPID METABOLISM.FA SYNTHESIS AND FA ELONGATION.ACETYL COA CARBOXYLATION		6	-0.23536833	-0.48016655	0.98908675	0.9997382	1.0	643	tags=33%, list=22%, signal=42%	
13.1.1 AMINO ACID METABOLISM.SYNTHESIS.CENTRAL AMINO ACID METABOLISM	13.1.1 AMINO ACID METABOLISM.SYNTHESIS.CENTRAL AMINO ACID METABOLISM		17	-0.16457629	-0.4584257	0.996215	0.9962006	1.0	1307	tags=65%, list=44%, signal=115%	
